code;pairCode;name;price;priceRatio;standardPrice;purchasePrice;purchasePriceVatRate;purchasePriceIncludingVat;actionPrice;maxDiscount;pricelist:2:price;pricelist:5:price;pricelist:8:price;pricelist:11:price;pricelist:14:price;pricelist:17:price;pricelist:20:price;pricelist:23:price;pricelist:26:price;pricelist:29:price
97062;1;nástraha KEITECH Swing Impact 3 inch, 7,6cm, Green Pumpkin Fire;6,25;1;6,25;4,07;23;1;6,25;;6,00;5,88;5,75;5,63;5,50;5,38;5,25;5,13;5,00;4,69
97066;1;nástraha KEITECH Swing Impact 3 inch, 7,6cm, Green Pumpkin Fire;6,25;1;6,25;4,07;23;1;6,25;;6,00;5,88;5,75;5,63;5,50;5,38;5,25;5,13;5,00;4,69
97067;1;nástraha KEITECH Swing Impact 3 inch, 7,6cm, Green Pumpkin Fire;6,25;1;6,25;4,07;23;1;6,25;;6,00;5,88;5,75;5,63;5,50;5,38;5,25;5,13;5,00;4,69
97068;1;nástraha KEITECH Swing Impact 3 inch, 7,6cm, Green Pumpkin Fire;6,25;1;6,25;4,07;23;1;6,25;;6,00;5,88;5,75;5,63;5,50;5,38;5,25;5,13;5,00;4,69
97073;1;nástraha KEITECH Swing Impact 3 inch, 7,6cm, Green Pumpkin Fire;6,25;1;6,25;3,34;23;1;6,25;;6,00;5,88;5,75;5,63;5,50;5,38;5,25;5,13;5,00;4,69
43547;2;naviják SHIMANO SEDONA 4000 XGFI;70,72;1;70,72;51,10;23;1;70,72;;67,89;66,48;65,06;63,65;62,23;60,82;59,40;57,99;56,58;53,04
46681;3;"Nástraha FANATIK Larva LUX 1,6""; 4,3 cm, 10 ks";4,26;1;4,26;2,60;23;1;2,56;;2,56;2,56;2,56;2,56;2,56;2,56;2,56;2,56;2,56;2,56
46683;3;"Nástraha FANATIK Larva LUX 1,6""; 4,3 cm, 10 ks";4,26;1;4,26;2,60;23;1;2,56;;2,56;2,56;2,56;2,56;2,56;2,56;2,56;2,56;2,56;2,56
46685;3;"Nástraha FANATIK Larva LUX 1,6""; 4,3 cm, 10 ks";4,26;1;4,26;2,60;23;1;2,56;;2,56;2,56;2,56;2,56;2,56;2,56;2,56;2,56;2,56;2,56
46687;3;"Nástraha FANATIK Larva LUX 1,6""; 4,3 cm, 10 ks";4,26;1;4,26;2,60;23;1;2,56;;2,56;2,56;2,56;2,56;2,56;2,56;2,56;2,56;2,56;2,56
96684;4;Nástraha FANATIC Mik Maus 5 cm, 8 ks;4,26;1;4,26;2,60;23;1;2,56;;2,56;2,56;2,56;2,56;2,56;2,56;2,56;2,56;2,56;2,56
96685;4;Nástraha FANATIC Mik Maus 5 cm, 8 ks;4,26;1;4,26;2,60;23;1;2,56;;2,56;2,56;2,56;2,56;2,56;2,56;2,56;2,56;2,56;2,56
96845;4;Nástraha FANATIC Mik Maus 5 cm, 8 ks;4,26;1;4,26;2,60;23;1;2,56;;2,56;2,56;2,56;2,56;2,56;2,56;2,56;2,56;2,56;2,56
3963P-S;;Boilie MIKBAITS Spiceman Pikantná slivka;15,97;1;15,97;12,50;23;1;15,97;10;15,33;15,01;14,69;14,37;14,37;14,37;14,37;14,37;14,37;14,37
19327X;5;SET = 2x naviják CARPEX F-Runner QD;100,45;1;100,45;42,40;23;1;100,45;;96,43;94,42;92,41;90,41;88,40;86,39;84,38;82,37;80,36;75,34
19328X;5;SET = 2x naviják CARPEX F-Runner QD;106,00;1;106,00;50,94;23;1;106,00;;101,76;99,64;97,52;95,40;93,28;91,16;89,04;86,92;84,80;79,50
46692;6;"nástraha FANATIC Larva LUX 3,0; 7,5 cm, #023, 6 ks";5,33;1;5,33;1,09;23;1;3,20;;3,20;3,20;3,20;3,20;3,20;3,20;3,20;3,20;3,20;3,20
46694;6;"nástraha FANATIC Larva LUX 3,0; 7,5 cm, #023, 6 ks";5,33;1;5,33;1,09;23;1;3,20;;3,20;3,20;3,20;3,20;3,20;3,20;3,20;3,20;3,20;3,20
46697;6;"nástraha FANATIC Larva LUX 3,0; 7,5 cm, #023, 6 ks";5,33;1;5,33;3,26;23;1;3,20;;3,20;3,20;3,20;3,20;3,20;3,20;3,20;3,20;3,20;3,20
46702;6;"nástraha FANATIC Larva LUX 3,0; 7,5 cm, #023, 6 ks";5,33;1;5,33;1,09;23;1;3,20;;3,20;3,20;3,20;3,20;3,20;3,20;3,20;3,20;3,20;3,20
39769;;signalizátor pre sadu DELPHIN Totem, zelený;28,95;1;28,95;15,03;23;1;24,61;25;24,61;24,61;24,61;24,61;24,61;24,61;24,32;23,74;23,16;21,71
100526;;Vobler ROBINSON Hogan F70, 7cm, 11g, Blue Clown;6,67;1;6,67;3,36;23;1;6,67;;6,40;6,27;6,14;6,00;5,87;5,74;5,60;5,47;5,34;5,00
100623;;Škrabka PRIME so zásobníkom a nožom;7,07;1;7,07;3,00;23;1;7,07;;6,79;6,65;6,50;6,36;6,22;6,08;5,94;5,80;5,66;5,30
100722;;Nástraha ROBINSON Ripper Longinus, 18 cm, Perch Shiner;4,30;1;4,30;1,98;23;1;4,30;;4,13;4,04;3,96;3,87;3,78;3,70;3,61;3,53;3,44;3,23
100737;7;Prút ROBINSON Flexcore Feeder;57,00;1;57,00;24,13;23;1;57,00;;54,72;53,58;52,44;51,30;50,16;49,02;47,88;46,74;45,60;42,75
100738;7;Prút ROBINSON Flexcore Feeder;58,40;1;58,40;24,69;23;1;58,40;;56,06;54,90;53,73;52,56;51,39;50,22;49,06;47,89;46,72;43,80
100739;7;Prút ROBINSON Flexcore Feeder;59,70;1;59,70;27,22;23;1;59,70;;57,31;56,12;54,92;53,73;52,54;51,34;50,15;48,95;47,76;44,78
100778;;Forma Method Feeder Fans Push;3,49;1;3,49;1,77;23;1;3,49;;3,35;3,28;3,21;3,14;3,07;3,00;2,93;2,86;2,79;2,62
104049;;Vozík SENSAS Trolley Club;75,95;1;75,95;33,89;23;1;75,95;;72,91;71,39;69,87;68,36;66,84;65,32;63,80;62,28;60,76;56,96
104079;8;Boilie STARBAITS Pro Ginger & Squid Pop Up;6,70;1;6,70;3,01;23;1;6,70;;6,43;6,30;6,16;6,03;5,90;5,76;5,63;5,49;5,36;5,03
104080;8;Boilie STARBAITS Pro Ginger & Squid Pop Up;6,70;1;6,70;3,01;23;1;6,70;;6,43;6,30;6,16;6,03;5,90;5,76;5,63;5,49;5,36;5,03
104094;9;Boilie STARBAITS Pro Ginger & Squid, 800 g;12,82;1;12,82;5,79;23;1;12,82;;12,31;12,05;11,79;11,54;11,28;11,03;10,77;10,51;10,26;9,62
104095;9;Boilie STARBAITS Pro Ginger & Squid, 800 g;12,82;1;12,82;5,79;23;1;12,82;;12,31;12,05;11,79;11,54;11,28;11,03;10,77;10,51;10,26;9,62
104109;;Dip STARBAITS PRO Ginger & Squid Boost/ Glug;9,59;1;9,59;4,40;23;1;9,59;;9,21;9,01;8,82;8,63;8,44;8,25;8,06;7,86;7,67;7,19
104146;10;Boilie STARBAITS Hold Up v dipe;6,20;1;6,20;2,95;23;1;6,20;;5,95;5,83;5,70;5,58;5,46;5,33;5,21;5,08;4,96;4,65
104147;10;Boilie STARBAITS Hold Up v dipe;6,70;1;6,70;3,10;23;1;6,70;;6,43;6,30;6,16;6,03;5,90;5,76;5,63;5,49;5,36;5,03
104169;;Nástraha GUNKI Boomer 21 g, Signal Frog;9,59;1;9,59;4,81;23;1;9,59;;9,21;9,01;8,82;8,63;8,44;8,25;8,06;7,86;7,67;7,19
104211;;Vobler ILLEX Suisen 4,3 cm;25,95;1;25,95;12,23;23;1;25,95;;24,91;24,39;23,87;23,36;22,84;22,32;21,80;21,28;20,76;19,46
104227;;Krabička ILLEX Tackle Box 255 Slit Foam;12,30;1;12,30;5,86;23;1;12,30;;11,81;11,56;11,32;11,07;10,82;10,58;10,33;10,09;9,84;9,23
104259;11;Boilie STARBAITS Hot Demon, 800 g;14,50;1;14,50;6,84;23;1;14,50;;13,92;13,63;13,34;13,05;12,76;12,47;12,18;11,89;11,60;10,88
74948;11;Boilie STARBAITS Hot Demon, 800 g;14,50;1;14,50;6,82;23;1;14,50;;13,92;13,63;13,34;13,05;12,76;12,47;12,18;11,89;11,60;10,88
74949;11;Boilie STARBAITS Hot Demon, 800 g;14,50;1;14,50;7,47;23;1;14,50;;13,92;13,63;13,34;13,05;12,76;12,47;12,18;11,89;11,60;10,88
74950;11;Boilie STARBAITS Hot Demon, 800 g;14,50;1;14,50;6,82;23;1;14,50;;13,92;13,63;13,34;13,05;12,76;12,47;12,18;11,89;11,60;10,88
104281;12;Boilie STARBAITS Hard Crayzi Fruit, 200 g;8,70;1;8,70;4,09;23;1;8,70;;8,35;8,18;8,00;7,83;7,66;7,48;7,31;7,13;6,96;6,53
104282;12;Boilie STARBAITS Hard Crayzi Fruit, 200 g;8,70;1;8,70;4,28;23;1;8,70;;8,35;8,18;8,00;7,83;7,66;7,48;7,31;7,13;6,96;6,53
104297;;Vedro STARBAITS Tourno Bucket Round, 15 l;10,60;1;10,60;4,57;23;1;10,60;;10,18;9,96;9,75;9,54;9,33;9,12;8,90;8,69;8,48;7,95
104317;;Boilie STARBAITS D-Solve SK30;26,95;1;26,95;13,27;23;1;26,95;;25,87;25,33;24,79;24,26;23,72;23,18;22,64;22,10;21,56;20,21
104334;;Method & Stick Mix STARBAITS Crazy Fruit 1,7 kg;15,50;1;15,50;7,86;23;1;15,50;;14,88;14,57;14,26;13,95;13,64;13,33;13,02;12,71;12,40;11,63
104374;13;Pletená šnúra GUNKI G’Braid 4X Game, 150 m;6,75;1;6,75;3,03;23;1;6,75;;6,48;6,35;6,21;6,08;5,94;5,81;5,67;5,54;5,40;5,06
104375;13;Pletená šnúra GUNKI G’Braid 4X Game, 150 m;6,75;1;6,75;3,33;23;1;6,75;;6,48;6,35;6,21;6,08;5,94;5,81;5,67;5,54;5,40;5,06
104376;13;Pletená šnúra GUNKI G’Braid 4X Game, 150 m;6,75;1;6,75;3,97;23;1;6,75;;6,48;6,35;6,21;6,08;5,94;5,81;5,67;5,54;5,40;5,06
104377;13;Pletená šnúra GUNKI G’Braid 4X Game, 150 m;6,75;1;6,75;3,33;23;1;6,75;;6,48;6,35;6,21;6,08;5,94;5,81;5,67;5,54;5,40;5,06
104391;;Vobler GUNKI Knifehead 68 SP DR, HL Minnow;10,50;1;10,50;4,55;23;1;10,50;;10,08;9,87;9,66;9,45;9,24;9,03;8,82;8,61;8,40;7,88
104407;;Nástraha ILLEX Runner Blade 7,2 cm, Blue Back Silver;12,95;1;12,95;6,12;23;1;12,95;;12,43;12,17;11,91;11,66;11,40;11,14;10,88;10,62;10,36;9,71
104424;;Vobler ILLEX Bleeker Toppy 50, SG Ayu;23,95;1;23,95;11,29;23;1;23,95;;22,99;22,51;22,03;21,56;21,08;20,60;20,12;19,64;19,16;17,96
112333;14;Čln STARKBOAT DT-360S s kýlom, zelený;1180,00;1;1180,00;825,99;23;1;1180,00;10;1132,80;1109,20;1085,60;1062,00;1062,00;1062,00;1062,00;1062,00;1062,00;1062,00
112334;14;Čln STARKBOAT DT-360S s kýlom, zelený;1130,00;1;1130,00;790,99;23;1;1130,00;10;1084,80;1062,20;1039,60;1017,00;1017,00;1017,00;1017,00;1017,00;1017,00;1017,00
112335;14;Čln STARKBOAT DT-360S s kýlom, zelený;1060,00;1;1060,00;742,00;23;1;1060,00;10;1017,60;996,40;975,20;954,00;954,00;954,00;954,00;954,00;954,00;954,00
112381;;Podsedák STARKBOAT, 85 cm, čierny;35,01;1;35,01;16,79;23;1;35,01;10;33,61;32,91;32,21;31,51;31,51;31,51;31,51;31,51;31,51;31,51
112824;;Mletá káva FISHING POINT Different Coffe v plechovke, 150 g;9,90;1;9,90;;23;1;9,90;;9,50;9,31;9,11;8,91;8,71;8,51;8,32;8,12;7,92;7,43
13608;;Držiak rohatinka - zadná U;1,64;1;1,64;0,97;23;1;1,64;;1,57;1,54;1,51;1,48;1,44;1,41;1,38;1,34;1,31;1,23
14839;;Čln KOLIBRI KM-360 DXL šedý, hliníková podlaha;1932,12;1;1932,12;1413,60;23;1;1932,12;10;1854,84;1816,19;1777,55;1738,91;1738,91;1738,91;1738,91;1738,91;1738,91;1738,91
31342;15;Vobler ROBINSON Frog 4,5cm;7,07;1;7,07;3,50;23;1;7,07;;6,79;6,65;6,50;6,36;6,22;6,08;5,94;5,80;5,66;5,30
31343;15;Vobler ROBINSON Frog 4,5cm;6,90;1;6,90;3,87;23;1;6,90;;6,62;6,49;6,35;6,21;6,07;5,93;5,80;5,66;5,52;5,18
31344;15;Vobler ROBINSON Frog 4,5cm;7,07;1;7,07;3,50;23;1;7,07;;6,79;6,65;6,50;6,36;6,22;6,08;5,94;5,80;5,66;5,30
31513;;Sťahovacia páska ROBINSON na prúty;1,80;1;1,80;1,08;23;1;1,80;;1,73;1,69;1,66;1,62;1,58;1,55;1,51;1,48;1,44;1,35
31877;16;Naviják CARPEX Galloper FD;25,73;1;25,73;11,42;23;1;25,73;;24,70;24,19;23,67;23,16;22,64;22,13;21,61;21,10;20,58;19,30
31878;16;Naviják CARPEX Galloper FD;23,58;1;23,58;10,01;23;1;23,58;;22,64;22,17;21,69;21,22;20,75;20,28;19,81;19,34;18,86;17,69
33197;;Sprej MIKBAITS Neo Spray 30 ml;7,49;1;7,49;5,61;23;1;7,49;10;7,19;7,04;6,89;6,74;6,74;6,74;6,74;6,74;6,74;6,74
33232;17;Boilie MIKBAITS Spiceman v dipe;7,20;1;7,20;5,49;23;1;7,20;10;6,91;6,77;6,62;6,48;6,48;6,48;6,48;6,48;6,48;6,48
33233;17;Boilie MIKBAITS Spiceman v dipe;7,20;1;7,20;5,36;23;1;7,20;10;6,91;6,77;6,62;6,48;6,48;6,48;6,48;6,48;6,48;6,48
33234;17;Boilie MIKBAITS Spiceman v dipe;7,38;1;7,38;5,16;23;1;7,38;10;7,08;6,94;6,79;6,64;6,64;6,64;6,64;6,64;6,64;6,64
33240;17;Boilie MIKBAITS Spiceman v dipe;7,38;1;7,38;5,46;23;1;7,38;10;7,08;6,94;6,79;6,64;6,64;6,64;6,64;6,64;6,64;6,64
33241;17;Boilie MIKBAITS Spiceman v dipe;7,20;1;7,20;5,36;23;1;7,20;10;6,91;6,77;6,62;6,48;6,48;6,48;6,48;6,48;6,48;6,48
33286;17;Boilie MIKBAITS Spiceman v dipe;7,20;1;7,20;5,49;23;1;7,20;10;6,91;6,77;6,62;6,48;6,48;6,48;6,48;6,48;6,48;6,48
33287;17;Boilie MIKBAITS Spiceman v dipe;7,20;1;7,20;5,98;23;1;7,20;10;6,91;6,77;6,62;6,48;6,48;6,48;6,48;6,48;6,48;6,48
33288;17;Boilie MIKBAITS Spiceman v dipe;7,20;1;7,20;5,49;23;1;7,20;10;6,91;6,77;6,62;6,48;6,48;6,48;6,48;6,48;6,48;6,48
33289;17;Boilie MIKBAITS Spiceman v dipe;7,20;1;7,20;5,49;23;1;7,20;10;6,91;6,77;6,62;6,48;6,48;6,48;6,48;6,48;6,48;6,48
33250;18;Boilie MIKBAITS Spiceman WS3 Crab Butyric, 300 g;5,56;1;5,56;4,48;23;1;5,56;10;5,34;5,23;5,12;5,00;5,00;5,00;5,00;5,00;5,00;5,00
33251;18;Boilie MIKBAITS Spiceman WS3 Crab Butyric, 300 g;6,00;1;6,00;4,48;23;1;6,00;10;5,76;5,64;5,52;5,40;5,40;5,40;5,40;5,40;5,40;5,40
33279;;Tekutá potrava MIKBAITS Squid Hydro, 300ml;12,26;1;12,26;8,80;23;1;12,26;10;11,77;11,52;11,28;11,03;11,03;11,03;11,03;11,03;11,03;11,03
33331;19;Booster MIKBAITS Chilli Chips;8,79;1;8,79;6,68;23;1;8,79;10;8,44;8,26;8,09;7,91;7,91;7,91;7,91;7,91;7,91;7,91
33332;19;Booster MIKBAITS Chilli Chips;8,79;1;8,79;6,56;23;1;8,79;10;8,44;8,26;8,09;7,91;7,91;7,91;7,91;7,91;7,91;7,91
33333;19;Booster MIKBAITS Chilli Chips;8,79;1;8,79;6,80;23;1;8,79;10;8,44;8,26;8,09;7,91;7,91;7,91;7,91;7,91;7,91;7,91
33334;19;Booster MIKBAITS Chilli Chips;8,79;1;8,79;6,56;23;1;8,79;10;8,44;8,26;8,09;7,91;7,91;7,91;7,91;7,91;7,91;7,91
33353;19;Booster MIKBAITS Chilli Chips;8,79;1;8,79;6,56;23;1;8,79;10;8,44;8,26;8,09;7,91;7,91;7,91;7,91;7,91;7,91;7,91
41436;;Prívlačová taška GIANTS FISHING Spinning Bag Luxury MK2;43,64;1;43,64;23,05;23;1;43,64;;41,89;41,02;40,15;39,28;38,40;37,53;36,66;35,78;34,91;32,73
41452;;Predĺžené nohy GIANTS FISHING Luxury Extended Legs for Rod Pod, 2 ks;19,82;1;19,82;10,47;23;1;19,82;;19,03;18,63;18,23;17,84;17,44;17,05;16,65;16,25;15,86;14,87
41485;;Puzdro GIANTS FISHING Rod Holdall Luxury 2 Rod, 150 cm;75,01;1;75,01;38,17;23;1;75,01;;72,01;70,51;69,01;67,51;66,01;64,51;63,01;61,51;60,01;56,26
41553;;Lehátko GIANT FISHING Gaube XT Bedchair 8 Leg;150,86;1;150,86;76,72;23;1;150,86;;144,83;141,81;138,79;135,77;132,76;129,74;126,72;123,71;120,69;113,15
41576;;Okuliare GIANTS FISHING Polarized Glasses Deluxe 2;17,84;1;17,84;9,05;23;1;17,84;;17,13;16,77;16,41;16,06;15,70;15,34;14,99;14,63;14,27;13,38
41625;20;Háčik GARDNER Covert Dark Wide Gape Talon Tip;7,11;1;7,11;3,75;23;1;7,11;;6,83;6,68;6,54;6,40;6,26;6,11;5,97;5,83;5,69;5,33
41627;20;Háčik GARDNER Covert Dark Wide Gape Talon Tip;7,38;1;7,38;3,90;23;1;7,38;;7,08;6,94;6,79;6,64;6,49;6,35;6,20;6,05;5,90;5,54
41628;20;Háčik GARDNER Covert Dark Wide Gape Talon Tip;7,11;1;7,11;3,82;23;1;7,11;;6,83;6,68;6,54;6,40;6,26;6,11;5,97;5,83;5,69;5,33
41679;;Taška GIANTS FISHING Wash Bag;20,58;1;20,58;10,47;23;1;20,58;;19,76;19,35;18,93;18,52;18,11;17,70;17,29;16,88;16,46;15,44
41714;;Navijak GIANTS FISHING Deluxe Reel FS 9000 + cievka10000;75,41;1;75,41;39,83;23;1;75,41;;72,39;70,89;69,38;67,87;66,36;64,85;63,34;61,84;60,33;56,56
41733;21;Rozpustné boilie CARP INFERNO Hot Line Medúza;5,73;1;5,73;3,22;23;1;5,73;;5,50;5,39;5,27;5,16;5,04;4,93;4,81;4,70;4,58;4,30
41734;21;Rozpustné boilie CARP INFERNO Hot Line Medúza;15,84;1;15,84;9,19;23;1;15,84;;15,21;14,89;14,57;14,26;13,94;13,62;13,31;12,99;12,67;11,88
41755;22;Šokový vlasec GIANTS FISHING Tapered Shock Leader 5x15m;9,45;1;9,45;4,78;23;1;9,45;;9,07;8,88;8,69;8,51;8,32;8,13;7,94;7,75;7,56;7,09
41756;22;Šokový vlasec GIANTS FISHING Tapered Shock Leader 5x15m;9,85;1;9,85;5,02;23;1;9,85;;9,46;9,26;9,06;8,87;8,67;8,47;8,27;8,08;7,88;7,39
